Game No.,Sudoku Puzzle,D_TO,D_TR
124,..7........5.4..7..695...31...4.58.2.5..2..4.6.23.1...29...358..3..1.2........3..,0.6517,0.9992
200,..61..97........3....734..5....49..2.15...86.9..68....6..293....9........51..74..,1.1547,2.598
388,82..7.....95.86...6...4..3...6..8...13.....46...3..1...7..3...4...75.31.....9..85,0.7601,1.0979
401,..29...7..1...7....9.821...1.....5.7.47.6.21.2.9.....4...418.3....3...8..3...24..,0.846,1.3535
430,2.163.48....9...3.3.....6......7..4651..8..7374..9......4.....7.3...5....79.628.4,0.6132,1.1169
442,17.8.2.3.2.3....89......7....42.8......1.9......4.68....2......79....4.6.6.7.4.52,0.9827,1.6847
505,....1.3..3....714...2.34.....9....144.3...6.261....7.....69.2...275....6..6.2....,0.8412,1.1777
570,8.....9...6.....84..47....69..46..7..389.754..7..38..97....28..24.....5...6.....2,0.9462,1.4509
595,.73.....848..6.5....9.7........896..3..2.6..5..734........2.3....1.3..272.....41.,1.1606,1.658
624,...6.3..5.8.....3719..5....2.5....6..61...84..3....5.1....2..9897.....5.6..5.7...,0.6787,0.9049
888,...4.23.1........6..7.9.2.47..64.8....85.91....4.71..24.6.5.7..9........8.52.7...,0.7812,1.354
966,..6.....71..7.4.....5...13.5.28..4...9..7..2...4..67.9.41...6.....2.5..19.....3..,0.8237,1.5726
1135,..35.7.64.9....7.......6.93....8..518.2...3.775..6....62.3.......5....3.34.2.51..,0.787,1.111
1246,.3.5.8.....9....3..58.762...9....4.86..9.4..38.4....2...572.16..2....3.....6.5.8.,0.7713,1.3223
1342,....1327......26..37.....8..13....6.9..3.8..2.8....73..3.....15..16......2719....,0.6636,0.9369
1404,93........654..9.84.7..9......87..5...8...6...7..14......7..4.67.3..681........27,0.864,1.152
1411,.56.9.17.1...7...6...1....2..9.128....8...2....168.5..3....1...2...4...9.65.2.43.,0.6029,1.0336
1423,46.....599.3..5..1....8..768..2.........9.........6..524..7....6..3..1.735.....82,0.9097,1.3646
1472,.1..4...7...9....2.78..61.4.8...19....1...6....93...7.1.56..28.8....4...7...5..1.,0.8985,1.3477
1474,.9.2..5173..1.8.......5......461...5.13.4.27.7...324......9.......5.1..4561..4.2.,0.6501,1.1855
1499,8..2....7...7..895.6.9..2.1.4....1.....586.....6....5.1.4..9.7.638..5...7....1..8,0.759,1.1927
1547,36.25.84..5.9..6.........9..21.8....5.......8....9.42..3.........4..6.8..98.34.61,0.6955,1.2172
1623,89.7..1.5....6.....1.5..9.....3...6...9...8...2...5.....5..6.4.....2....6.4..3.21,0.7105,1.0866
1697,......2.5.3..6...4.7.2...1...1.74.2...49.26...9.51.3...1...7.3.9...8..5.5.7......,0.8591,1.2272
1705,..9....5.6.573..9..1.6..2.4....9.6...8..4..2...3.8....2.6..3.4..7..623.9.3....8..,0.6458,1.0091
1733,5....1.73..86....217.9.......125..4...........8..671.......9.287....64..86.4....5,0.6702,1.1967
1821,..5...98.8.35........83.5...4..7..3.6.......9.1..2..6...2.45........17.2.31...8..,0.8916,1.2737
1829,...2..8.48......2..461..5..37...6...6...5...3...3...91..3..176..5......27.4..2...,0.679,0.976
1902,..6.39.4.1248.5.3...3..4..87.......5....1....2.......44..6..2...1.4.8573.5.39.4..,0.8806,1.6145
1919,..4..1.75...759........2..3632.7..5...........7..8.4924..5........148...78.3..2..,0.7512,1.0799
2009,5.3.6..28.....2....9....3.1.7..89......2.6......14..7.2.6....9....3.....71..9.2.5,0.6896,0.9482
2039,1.....4.3.6.59.7...48....9.....87.....29.35.....26.....5....34...1.72.6.4.9.....1,0.6305,1.0691
2058,.89..74..153........4.8..5.....71.4..3..2..1..1.96.....6..9.1........572..81..36.,0.7785,1.2789
2080,.7......8..1.6......6..1243.5....4.99..4.3..64.8....3.2143..7......1.8..6......9.,0.7008,1.0011
2110,.92.1......674....41.6..7...6......534.....269......4...9..8.31....612......9.48.,0.8197,1.0247
2114,...3..82..4.....91.28..6.....4.6...8..61.37..7...4.1.....6..38.89.....5..32..9...,0.8226,1.2065
2148,.5..6.....419.2........8..7.67.3584...........8269.57.1..2........7.623.....8..5.,0.8597,1.4549
2298,.2...13.5.....48..5163........6..2.8...1.7...2.7..9........5917..54.....1.89...5.,0.6848,1.0535
2432,9.6...3....2.4....7...9..423576....9.........1....548761..7...4....3.9....3...7.5,0.8206,1.7585
2436,4.63.9.........7.69....7.2319..8.2....81.35....3.7..8131.7....88.2.........9.83.2,0.73,1.4113
2597,.72...1.69...7....3..5..8.....9..36..3.....5..98..2.....3..4..2....2...38.6...97.,0.7853,1.234
2631,..4.1..23..7....9.....5...16.5..3.82.2.....5.79.8..1.43...8.....1....9..97..4.8..,0.6313,0.9995
2638,...8.1..9....9.5.6.......347.814..5...5...8...3..852.712.......5.3.7....8..2.3...,1.0044,1.925
2749,.8.6.5..7.65..3.9..7..9..5......6.....6.4.3.....7......9..6..8..2.9..53.4..5.8.2.,1.1488,1.8381
2784,...1.....7..935.8..15...3..1.3..7....5.....9....8..6.5..2...86..3.451..2.....2...,0.7,0.98
2839,..2.5413.53.7....8...6....7.......82..7...3..68.......2....5...4....3.76.7329.5..,0.7416,1.1778
3019,.8.94....24.3....11....6...7.....9.26...2...54.8.....6...6....38....9.54....14.8.,0.6777,0.8371
3076,.3.24.6......594.2.....853..93.2.....6.....1.....8.25..824.....4.789......9.37.2.,0.9081,1.6864
3160,..7..32...38..6..4...9..5.6.4....9.1.........8.9....4.7.1..8...5..2..38...47..6..,0.7984,1.0332
3426,.7.29.5.6..6..5...4..6....2.45..3.6....467....1.9..43.8....9..1...3..7..1.9.86.5.,0.7345,0.9506
3535,59.6........2.5....6.....84...9...51.78...62.92...8...28.....3....3.6........1.46,0.8003,1.1205
3545,...1.4...7..8.....192.......8.5.19.7..5.7.4..3.49.2.1.......376.....9..2...7.6...,0.7277,1.2614
3594,2.8....1....9.1..7.6..7.4....3...641.94...72.681...3....6.4..7.9..2.3....4....1.9,0.6473,1.1096
3635,.3.1.7.......8.6..91..........62..9865.9.3.4249..15..........23..1.6.......7.2.6.,0.5783,1.0025
3684,3..598...6....4..8..17...4.46......5..86.32..9......61.5...14..8..9....2...385..6,0.9731,1.7029
3708,5.9..6..4.7...5.....28....3.5..81397.........89357..2.7....81.....6...8.3..7..9.5,0.6531,1.221
3712,..96...3....2..1.8.5...942.871........6...7........365.875...1.1.3..8....9...38..,0.7174,1.9567
3867,.....2..457..8...9.9.3.57....45.....3..8.7..1.....62....59.1.6.2...4..956..2.....,0.7965,1.1641
3909,7...491...2...1.79.4.8...6..3.9.8...4.......2...3.4.5..1...5.8.98.4...2...578...1,0.6106,1.1947
3919,.....38...4..5..935.8..9...3......8.194...367.2......5...7..6.291..4..3...25.....,0.7923,1.1185
3944,.....5..63.9.4.5.8...9....34..6...5.95.4.1.82.6...8..71....9...5.6.8.9.48..3.....,0.7476,1.068
4051,..73......8...6...3..15..64.245....8.5..2..3.8....725.64..75..2...6...1......39..,0.6458,1.2198
4092,.82....4..1.83.9..7....45..8....51......7......42....7..64....5..3.16.9..4....31.,1.0147,1.966
4177,4..7.91.6.3...8.....7246....48......1.3...2.7......43....4923.....6...8.3.91.5..4,0.6979,1.0032
4237,..8...4..15..6..8.....3.12.4..5..26...62.49...72..6..4.24.1.....1..4..92..9...5..,0.5768,0.846
4238,8..6..3......8..7.92....6...631.4..84.......52..5.693...2....96.8..2......1..8..3,0.8649,1.2291
4296,......3....1.....7.94.3.6...571..9..3..925..6..9..348...6.7.23.1.....8....3......,1.094,2.3563
4300,..........8.924...2...3.98...12.96..6.5...8.2..98.71...97.8...3...312.4..........,0.7765,1.2543
4336,..9.1.57..16.49..2.....3..1....8.1..5.......7..8.3....4..3.....3..26.79..82.9.3..,0.7922,1.1388
4359,26...4.315......2......7..8..64....3..92.31..4....96..9..8......1......283.7...45,0.661,1.0387
4373,825.1.7..4.6...9...........13...2.4....9.8....8.7...52...........9...3.6..3.9.415,0.9819,1.4401
4434,624......8.794.....5..3......8.2.5.3..1...7..5.3.7.6......8..6.....169.5......241,0.8706,1.3059
4458,.2..7...81........9.5..23..3.21....5..74.62..4....37.6..13..5.7........38...4..1.,0.6821,1.1369
4481,9.8..7....2.3....6.7...294.593........1...6........215.328...9.1....6.2....1..5.4,0.7001,0.8648
4571,9..71....31..5.9...8....1.7.98..7.2....298....2.5..86.8.3....1...9.6..38....83..5,0.7808,1.1972
4669,.9.3...........13.7.5.2...8.421753.............183259.2...5.7.9.69...........3.1.,0.7428,1.0965
4676,75...2........73.5.6.18.2...7....1....28.14....4....7...9.14.8.2.79........7...42,0.7742,1.493
4707,..3....14.69......4...1.83....5.6.41.9.1.7.8.62.3.4....12.6...7......92.74....1..,0.7509,1.1264
4716,..45.92..5.....9.8.7...2.43.4...8....8..1..9....2...8.63.1...5.1.8.....6..28.37..,0.8801,1.5088
4762,6....5.....94.7.8...7..24..2.5....49.7.....1.48....3.5..16..5...5.2.87.....5....4,0.9174,1.376
4796,.9.6..2.5.354.....6..589.....8.......63...81.......9.....874..1.....675.4.9..5.2.,0.9169,1.9648
4814,....15..3..54....7..9.6.15........6.412...738.8........26.5.3..8....19..9..68....,0.773,1.1112
4825,..14.8....3.....9...2..6.73...9.16.2..8...1..1.42.3...81.7..3...5.....1....8.92..,0.8025,1.605
4833,5.19.......48...2.86.....1..2.5.....71..3..86.....8.7..3.....94.5...18.......32.1,0.9162,1.6034
4848,...9.....5.81....4.4....5.981.3..4...3.2.4.1...4..7.351.3....7.4....12.3.....8...,0.5563,1.3149
4894,.21.8..35.....3.41.5....92....5..7...4.....5...9..4....74....1.83.1.....21..7.58.,0.6406,1.0788
5006,...5.2.1.431......5..3.....91..65.....7...1.....41..36.....6..2......978.2.8.3...,0.9542,1.9085
5007,..1964..3......1.....5.86...45.8..1.8..2.1..9.7..5.26...83.6.....6......3..1978..,0.773,1.1852
5146,2....79...586..3......2.85....3541.............3172....84.9......7..641...17....2,0.8222,1.6444
5161,...3....2435.....7.....7.8...2.5..13..32.89..75..9.6...9.7.....3.....2658....5...,0.566,0.7975
5237,...38..6.32.....8.8.6...3.243.97..1.....5.....1..23.496.5...7.4.9.....26.7..96...,0.727,1.4086
5294,5.61..34..........2419..7.....798.....8...9.....654.....3..5174..........15..36.2,0.8974,1.5385
5323,..7.42..96.5..1..8...9.....53........19...76........54.....3...3..5..9.64..86.2..,0.9377,1.5445
5333,4..7.65..1.7..5...36......7....59.74..6...8..74.61....9......45...5..7.6..18.4..2,0.8088,1.3287
5372,..96..4..1.4.59..8...4..9..4.....237.2.....4.761.....9..2..3...8..19.7.2..7..68..,0.8666,1.3764
5529,....8.......4..1.925.6.37...251..89..3.....2..48..956...28.6.458.4..2.......1....,0.6802,0.8503
5591,.....2.856....81.3...75.9..57..9.....3.....5.....3..29..7.63...3.58....446.1.....,0.7312,0.8082
5592,7......6.93.4.......5.8674..4..69....9.....5....73..9..5327.6.......4.15.1......7,0.772,0.965
5598,1.3...2....6..3.5......86..4...718.6.8..6..2.3.985...7..72......5.6..3....4...5.2,0.7229,1.1246
5705,....74...7.5.....9......26..8..93.71..4...8..17.45..2..17......9.....5.6...62....,0.833,1.1453
5750,.61...45.....6....32....8..4...21..7.7.9.5.1.8..64...5..9....26....1.....54...79.,0.7183,0.9577
5802,.83.15.2.6.....7.........1.7....2.6..2.1.8.3..5.3....7.9.........5.....1.1.92.37.,0.6866,0.9612
5881,3.1..59..4........5.9.4.2.8....96.3....8.4....6.35....9.8.1.7.3........1..25..6.9,0.8955,1.1589
5885,..5.........1.4.6242.39........2.3.11..8.7..52.7.4........53.9838.9.6.........6..,0.7181,1.1011
5999,..81....3...2.58...2.4.3...4.7....3..31...59..6....2.7...5.4.7...38.9...6....23..,0.8472,1.5249
6027,1.....3..6..8.7.2..382...5.4...73....5.....9....48...7.6...247..7.6.8..3..4.....2,0.608,0.8269
6058,5.4......3.....6..1..49..536..7.9....871.539....3.4..785..31..4..6.....1......8.5,0.9733,1.5295
6059,4....7...7.5..8..4162...5..58...6.....68.37.....5...89..7...3922..1..8.7...7....1,0.7483,1.2294
6084,26..3.5..9............5..234....71....53.18....74....957..9............2..8.1..47,0.6299,0.8288
6129,79..........956.....6.13..293..61...5.8...9.6...52..132..47.1.....698..........69,0.5943,0.944
6162,8...5...9...1..526...6..17..57....1....7.3....3....49..25..8...189..5...4...7...5,0.7713,1.1087
6174,...42.5..4.....18...5.8..2......369.9.......8.412......6..3.7...12.....5..8.75...,0.6876,1.1325
6205,17.25...99....8.37....9......7....6.5...6...8.3....9......1....28.5....46...27.85,0.8024,1.5546
6250,.5.42.....9..1.2.47.4..5..9...24.5.8.........5.1.83...9..1..3.54.5.6..7.....58.2.,0.7894,1.0526
6317,.3......886..24..9.79.8......7..2..4.4.....9.2..6..7......9.83.6..35..415......2.,0.7269,1.2555
6486,...8....997.6...8.13....7.......38.238..5..716.71.......3....97.9...6.488....1...,0.7158,1.4315
6567,...1.....1.629....2376..1...6....93.3.......5.92....7...9..4283....714.9.....8...,0.7751,1.218
6626,.....1.2......973.6.423.8..43.62.................75.81..6.435.2.571......4.7.....,0.9292,1.8584
6683,..6..53.99..4....637........6...31.7...5.4...1.47...3........645....6..86.91..7..,0.6644,1.2589
6776,4......21..5.1...7..1482....42.9..5.5.......8.3..7.96....9652..9...3.8..21......5,0.8662,1.0395
6787,56.9..3......3.29...2...4.6...67....8.54.37.9....89...4.8...9...97.1......6..4.27,0.7455,1.0934
6794,..2.1....3....9.81.7..5.....3712.5...2.....6...5.3487.....8..5.26.9....7....6.2..,0.7125,1.1196
6965,26...8..99...53..8...1.2.6..27.....5..6...2..5.....67..3.5.1...6..38...11..4...92,0.6167,0.9985
6979,.....4.3.5.....9.89.7.21...39...21.7..6...3..7.13...52...41.2.51.9.....3.4.5.....,0.7513,1.2208
7016,..4712........3.176..49.28.7......5..5.....9..6......2.36.47..151.3........1598..,0.7136,1.0517
7026,.18..9........2.8...2.7.541.....8.152..6.1..848.9.....146.8.7...3.2........7..16.,0.707,1.212
7030,.4...7.356....1...2..43..6...2.....6.89...71.7.....2...2..65..3...8....795.7...2.,0.7466,1.1021
7073,.2...8...6.....891.....15.48..3.....39.1.5.72.....9..37.39.....541.....9...6...4.,0.8992,1.5908
7078,..2.4.8...6..7.5....81....7.2..8..7.3..7.9..6.9..6..1.8....47....4.3..6...7.2.4..,0.7033,1.0901
7131,...6.3.....592...7.....56387..5...23.4.....6.53...7..46742.....8...365.....4.9...,0.5271,0.7154
7299,...93.6.1.2.7....9...8..24..5....72....2.3....14....8..42..8...9....6.1.1.8.74...,0.7665,1.3201
7372,.3.65...854....69789...4.....4.1....2..3.7..5....8.1.....4...26427....893...28.4.,0.6309,1.1134
7442,8.....1....6.5.7...1..9..52..7..8.91.8.....7.96.4..5..74..1..6...9.2.8....2.....3,0.9451,1.6877
7455,6.....1....2.5......79.46...7..6..4.9.35.78.1.4..2..5...51.67......3.4....1.....8,0.7101,0.8876
7460,...6...92218.....4..9........3.942..92.....87..127.5........9..7.....62183...6...,0.754,1.0891
7466,........723..8..4.8...6..9...2....7..697.453..5....2...7..3...6.8..7..196........,1.1459,2.1963
7482,.....37..5.4.2......8...1268..3.......74.69.......5..1925...8......6.2.5..69.....,0.7398,1.4303
7493,73.....4...2..1...1..24..5.....84.19...5.7...54.91.....1..29..4...1..7...2.....65,0.4659,0.7526
7598,..317.8...7....3...1.....76.6.29...3....4....9...53.8.52.....1...8....6...1.254..,0.7544,1.9888
7651,...72..68.32.8.7...7.6.........3...2.8.9.2.5.9...5.........6.3...7.9.52.89..15...,0.6795,0.9384
7692,9.65.......2.8...55....2.47...6...94....5....81...7...38.1....66...2.7.......58.9,0.7194,1.343
7726,..5....1....142..62....68..6.34......8.....2......83.7..12....59..531....2....6..,0.772,1.0293
7729,9....3.4...82.4.7.3.6.1.......4..7.9.9.....6.8.5..7.......4.2.7.7.5.94...5.1....8,0.9061,1.3893
7799,..3.1..5.1..57.....5...83.6.3..45....15...94....18..7.4.68...3.....62..7.8..5.1..,0.7344,1.1424
7806,..2...45...814...33.1.59.....3......7..3.5..2......1.....71.9.64...283...26...8..,0.9891,1.5825
7832,..863.5...........19..8..6..6.8...2..14...75..5...2.3..8..4..16...........7.964..,1.0418,1.7363
7839,2....4......2.7.65.5.....27.....63...38...69...47.....57.....4.41.6.3......5....2,0.6524,0.803
7934,.953...4..7.1.......1..9...2..6...873.7...4.291...4..6...5..9.......6.7..3...765.,0.8774,1.3499
7937,......7.47....2....39.8.....97..4.68.6.3.8.7.48.7..95.....4.19....8....31.2......,0.7136,1.0307
8004,...3.....31......96..9..8.5.42..7..1.8.4.9.5.5..6..94.8.1..3..44......68.....8...,0.7375,1.159
8385,.573.....2...68..4..3.7.....35...9.8.4.6.7.5.9.6...24.....8.4..1..73...2.....451.,0.7074,0.836
8425,.2.6..89.8...5...776.......47...3...1.9...3.2...1...54.......269...2...8.56..8.3.,0.8013,1.252
8442,.......65.1....9....269...7.43.71.8....2.3....2.86.71.3...274....7....5.26.......,1.3281,3.0649
8522,...72..3.2.3.5..97...1.345.......319....7....316.......329.4...45..1.6.3.8..36...,0.7734,1.1049
8616,.5.....873..2...5..8..53.....54...72.7.6.2.4.21...59.....89..6..2...1..886.....1.,0.6725,1.0088
8727,...1...5...47.2..88..4..927..1..3.4...........3.8..7..192..4..35..3.18...7...6...,0.6797,1.2138
8779,3.6..4....7...9.....1...7239..4..8..863...491..7..8..5258...9.....8...6....7..3.4,0.6152,0.9613
8854,..4..6..........64....91.2395.3...8.1.8...3.2.2...9.4726.81....78..........7..9..,0.6341,0.9195
8878,75.81.9.....7....1.8.3..7.......1.973.5...2.617.5.......8..3.7.6....7.....7.54.62,0.8252,1.3409
8882,89..34...7.5....32...8.....4.6.72....2.....9....45.2.8.....8...37....5.6...31..47,0.764,1.528
8920,.9..43..24..6.......6.923.43....4.5...........8.7....68.237.5.......6..87..48..6.,0.7846,1.8105
8931,75.3..2...3....6.9....76.....3..75..6..2.9..1..26..8.....45....3.7....4...8..2.63,0.6519,0.833
8980,.548....2...2..16.3...4.9..615.7.......6.2.......3.796..9.6...3.83..9...4....785.,0.6177,1.2355
9015,54....1...7..542..6.9..2..546..8.......4.6.......1..543..6..5.9..437..6...6....71,0.7981,1.1528
9109,...96.31..7.4....21....2..69.5.4.................3.2.72..6....86....3.4..53.71...,0.9018,1.3527
9125,86....2.5.1..2..9....7.3......9..8..746...932..9..2......3.8....2..9..5.5.4....68,0.7219,1.274
9186,216....75.5...4...7......3.9.514....4...5...9....835.1.4......3...5...9.32....658,0.565,0.9562
9189,.24..9......124..9.7.6.........3.57.74.....21.81.4.........7.3.3..265......9..28.,0.6381,0.989
9220,4.2.....8.....2.5......31..24...753..1.....2..354...61..73......5.8.....3.....6.4,0.6901,1.5831
9231,23...6..8...2...6..78..5.434.1....8.3...4...2.8....4.512.8..39..9...4...8..9...76,0.6141,1.0089
9287,.49..82.....19..861....54...6...2...9.......3...7...2...24....585..26.....65..87.,0.487,0.7433
9341,......7..8..4.26...7.6.3..91...5.....36...97.....4...54..2.9.6...87.1..2..9......,0.9464,1.8252
9348,.6.8..4...85..2......6...38..1..5..28.......45..1..6..62...1......2..58...4..7.1.,0.5648,0.8876
9568,43...57.97....48.....89....8.2......35.....87......5.4....42.....63....22.75...68,0.8302,1.1069
9600,62..54.....3....575.....63.....9.5..764...291..1.7.....16.....423....1.....16..85,0.5115,0.692
9608,8.....6.......153..5..96.4.39..6.2.....7.4.....8.5..13.8.54..7..148.......9.....5,0.8132,1.03
9619,4.......22...86....93..2..19.14..72...........82..96.37..8..31....26...88.......4,0.7615,1.0302
9642,..8.5..4.5..3..1.7....79.2..9.....5...72.56...3.....1..4.96....8.2..1..4.7..4.8..,0.6628,0.9942
9663,3..7.......7..52.1548.......561....3...3.8...4....978.......3156.39..4.......2..9,0.5723,0.8585
9713,.....7....3.....4.86.5.3..7..5.9..742.6...1.919..7.5..9..4.2.53.5.....1....6.....,0.7025,1.0744
9868,.6.2...........531..4.9.....2.3.589..3.6.9.2..964.8.5.....5.7..649...........4.8.,0.9508,1.8383
9871,.5..4....8..39.1.....2..4.99.41........872........42.53.8..9.....5.18..4....2..1.,0.7755,1.2408
9991,..62..51..8.5..2.345.....7......389...........194......4.....596.5..9.2..71..26..,0.7287,1.2491
10412,..1....4693..8.2........8..65.1....3...3.4...2....8.95..6........5.2..1848....9..,0.9408,2.8225
11262,.38..7.4...5..8...14...2...5.7....1..6..1..2..2....9.7...5...98...4..6...9.6..57.,1.1722,1.9536
11316,..7..1...5..8....9.94.53....35......9.2.6.1.7......68....23.96.4....8..3...4..7..,0.8382,1.2852
12049,.1..46.9..3....84...7......7.5..19.....6.8.....25..4.1......3...91....7..2.13..8.,0.7456,0.8998
12143,..68.9...3.8.5.2.1.....287..82.........2.6.........73..416.....2.7.3.1.4...1.76..,0.9896,1.3194
13436,.15..28.9.9...6..........318....1.9...9.3.7...7.6....372..........1...2.4.85..17.,0.7548,1.0818
13728,1..67..9......5...7....12...93...78...71.89...51...32...49....3...3......3..46..9,1.1184,1.8639
15430,..1....24..7.13.6.....4.75..3.5.......24.65.......9.4..89.6.....7.89.4..31....2..,1.3999,2.2206
15700,.8..56..2..5....962...3.4...9.2.....4..5.3..7.....4.3...9.6...875....9..6..18..5.,0.7269,0.8141
15786,....94...6..5.....1..72...6..3.7.68.52.....91.68.3.7..3...62..4.....8..7...41....,0.8508,1.2012
16285,..687...37.....6......64.573..7.....82.513.96.....6..251.63......2.....99...871..,1.521,4.4248
16374,58..3.7....7.9......1..4.2......92.6.16...48.9.28......5.2..9......7.3....8.5..62,1.2032,1.8049
17011,...6....1....4.....43.5..92.19...8.3...5.1...4.7...91.19..3.48.....1....5....8...,1.5962,8.7793
19800,...1.97..39.....2....4..8..5....1.86..96.83..18.9....2..4..6....2.....51..18.2...,0.7517,1.1025
20604,..435.7...6.8..3.9...9...6..42.....6...5.3...1.....92..2...4...7.3..5.4...1.986..,0.8236,1.1438
21012,2..6...5...1..5...64.2...3.7...68....3.....9....14...7.1...9.63...8..7...2...4..5,1.0133,1.33
21232,...6.2.4.3.4.1....726...38....24...9..7...2..8...69....78...523....7.4.8.9.8.5...,0.6718,0.7389
21308,.....72...1...85673.8..5...65..7......1...9......5..72...1..4.91265...3...97.....,1.1722,2.5399
21365,41.........7.6.3.1.3...482.8..7..2...6.....8...5..3..4.836...9.7.1.9.6.........12,0.7787,1.2188
22182,.8...7.32.7.4....9..2.18....2...978...........952...4....85.6..5....2.1.13.6...2.,0.7152,0.8282
23040,9...1.....4......2.7132....2....563..3.....5..549....1....6419.3......2.....7...6,1.2811,3.0427
23406,..5.....68.2...1.....62.8...512.....9..341..5.....971...8.93.....9...6.42.....3..,1.505,3.4401
23708,6..4..52......839.5....9...7.9....8....713....2....4.7...8....4.421......57..6..2,0.8818,1.0934
24206,.35.4...8.7.65.2....4..7.....84......97...45......58.....3..9....9.76.1.8...9.63.,0.6364,0.7071
25855,2....4.6.7.......3....12.8.6954.....1..6.8..2.....7946.6.28....9.......7.5.7....1,0.9748,1.3872
26331,..2..6.5......13.23....49...1364....4.......3....2518...84....77.45......5.7..2..,0.8713,1.3692
26423,3.8.4.2.......53......2.9...8...7.9.5.94.37.6.4.9...5...4.7......65.......7.8.5.4,0.7984,1.3867
27025,6......2.3..86.4...1.453.8.....8.7.....1.5.....8.3.....2.597.1...3.18..7.5......8,1.1253,1.9692
27959,...69...2.2...3.67....5.4...1956..4.8.......6.6..3217...7.2....49.8...2.2...45...,0.9317,1.3459
28454,..78..519...2.....8.3.75.....6.5...8.5.....3.3...1.9.....19.6.3.....7...674..21..,0.6778,1.2709
28523,.2.1...6.......2.516..8..39..4.7...1...526...8...1.3..68..5..939.5.......7...1.8.,1.2114,1.9272
28849,.7.1...4..9.......3.56..98...4.3.8.28...2...65.2.1.3...43..17.5.......3..5...4.6.,1.4901,4.0639
29181,....279...1....3..3.56.4.....7.6...4.5.....3.1...8.7.....2.84.5..8....9...345....,1.2367,3.0145
29244,17.....9.9.6..8..2....79....8.5.2...35.....14...3.4.5....73....8..9..4.6.1.....29,1.2319,2.5253
29560,8..6.3.2...69.13..........8..47...8.5..8.6..7.3...26..6..........23.78...7.5.8..4,1.0877,1.9244
29755,....9..4.....1683..9.4.....46.....82...3.7...75.....94.....8.1..2916.....3..7....,0.9398,1.6782
30848,.9...6..2..652....32.7.9....3.....7...23.19...1.....6....9.5.87....435..5..1...2.,1.4361,3.3209
30883,..9....37.7.31.6.54..6...8..53......2...9...1......36..2...6..33.4.21.5.76....4..,0.9208,1.9439
31226,.3..5.6.9.6.7........2...4131....4....59.71....8....7397...4........8.3.8.1.9..6.,0.5691,0.8537
31493,...7.8.6....5...9.24....5....59....882.....166....79....8....32.9...5....6.3.2...,0.7731,0.955
31699,...1.859....72.6.3...9....17......25.6.4.7.1.34......72....9...4.9.53....368.4...,0.7952,1.0497
33199,4...238..3..4......5..6..4.7....9.85.2.....9.83.2....7.9..7..5......4..2..765...4,0.6272,0.7262
33264,.6....3825....4.91.....3...81...7....973.152....6...79...8.....14.7....3782....1.,1.1243,2.4361
33753,...2...1..3....69.....852.78...9.1..74..1..53..1.4...29.246.....54....6..8...1...,1.1584,2.6064
34714,27......1..8.94......1276.......63.91...8...66.35.......1975......23.1..5......38,0.8984,1.123
34943,3.8..4....6.....485.48.62........165...5.8...415........63.24.793.....1....7..3.6,1.1667,1.6495
35010,6..3....53...4..9.415....7.9..27..1....1.8....8..54..6.7....184.6..1...71....5..9,0.8998,1.4782
37332,5...3.1.....7..8..3..154..79..5......4.....9......9..58..247..6..9..3.....7.6...2,0.8938,1.08
37996,.....713.98..1...4.....4..869..2......3...8......6..458..2.....2...9..87.417.....,1.493,2.14
39410,..3...52..6....1..8...21..7....3.2..31.....59..9.7....4..58...6..5....7..71...4..,1.3231,2.15
39611,..8....96.....2...5..6..32.9..1.6.5.3.......8.6.7.4..2.59..1..4...8.....47....2..,0.907,1.3844
39647,....1..5...7.259..56.9......7....6.1295...7846.3....9......3.17..689.4...5..4....,0.7215,1.7567
39848,......7.97..5...16....8..35..8.1..976...2...117..9.5..24..7....81...6..33.6......,1.5139,7.4011
40371,49.7...31.....1..2...8.9.4...3....9...94.85...2....7...6.3.5...9..1.....35...4.79,0.8593,1.3176
40664,69..712.........9..27..6.5...24.....37.....19.....73...4.1..98..5.........932..45,2.2687,13.9362
40951,1.7...5..5...79.1.....1..249...3..5..72...36..6..4...123..6.....5.18...3..1...2.5,0.6269,0.6966
43160,..46...3.....4...856....2.19..78......2...1......34..62.8....971...2.....9...34..,1.5321,3.4046
43637,5..9.16..871..2..........8..293.8....1.....3....7.426..8..........8..912..32.7..4,1.4191,3.2437
43712,.63.527....96.........3.42......3.5.48.....13.3.8......15.2.........61....678.34.,0.666,0.901
44371,...8..94...176..8.....4.3.1...1...9.7...5...3.8...6...9.6.8.....2..398...35..1...,1.2655,4.5875
44462,9....3..2.8..74..6....6.1.55....8.4....237....1.4....32.5.4....3..68..1.8..3....4,0.6546,1.2084
45010,7..9.2.3.3.4...5....18.4..7.75.4....4.......8....9.17.1..6.37....7...8.3.3.1.5..2,0.5573,0.7563
45034,..1..4.....936..812...1.79...5......9..7.2..3......1...97.8...248..915.....2..9..,0.8163,0.9977
45124,......24...2.....9.97..2..6..12.63.4..9...1..2.48.56..9..3..81.5.....4...78......,0.9746,1.7404
45573,..7.2...184.1......213...8.....45..3.6.....4.2..76.....1...736......6.785...3.1..,0.5133,0.5703
45778,......3...4.6.3...2389....1.9..642.............712..9.3....1759...7.2.1...4......,1.4644,2.7457
48190,3.6.7...91......6..5....873.....2....319.824....7.....915....3..8......52...5.9.4,0.9012,1.3865
49009,....8.93..8..927.57..4...8.5.....1..8..957..4..9.....7.6...9..29.724..1..25.7....,1.1416,2.2832
50395,.1...63.........7.6.35...19...8.3..7..2.6.9..5..7.1...14...87.6.2.........72...3.,0.8097,1.6868
51235,..93...5.1....4..954.6...1..31...2.5.6.....8.8.2...47..1...3.676..9....8.5...89..,0.8109,1.3099
51535,..3...7.6...927..32......5.....5..82...6.3...87..4.....2......93..471...6.1...5..,1.1547,1.9245
51559,872.3.4....1....5.45...92.....79..4...........1..58.....65...81.2....6....8.6.324,1.1922,2.1857
53007,..6.....1.873...9......2...5.8..4.3....2.6....2.5..4.7...6......7...961.1.....7..,0.7939,1.0586
53049,..8..4..2..9.26.73...91....45...3.9.9.......1.2.6...45....32...17.49.3..2..7..4..,0.7079,1.1945
53333,.5...74.167..............6...87.1..576.3.9.183..6.29...9..............565.78...9.,1.0922,2.5484
53441,...37914..7..8.32.......9.....4..69.1..9.8..7.96..7.....3.......12.5..3..87293...,1.1227,2.2453
54258,.1..5...792....6.3.4...21.....8.19......4......57.3.....43...8.6.1....792...7..6.,1.424,3.2752
54588,.6..3...7.2....1....59.7..2.9...6...7.......6...5...3.4..3.82....9....8.3...6..1.,0.84,1.05
54668,..9....8.82.....67.64.8.91......38..3..6.8..9..82......86.5.29.49.....76.7....5..,0.8443,1.0976
55271,.8.....6..2.3..1.56..8.1...7...146..29.....14..869...2...9.2..19.2..8.7..7.....3.,1.4196,2.7716
55649,1..9...72.29..4.....8..59...5.3...6....1.6....6...2.9...32..1.....4..72.41...9..5,0.9382,1.7423
57163,1.634......3..1..4.42.56.........5.85.......92.8.........63.45.3..1..8......741.2,1.7283,5.7168
57194,79..4........31.2..3.2..9....3.785...28...14...461.8....9..4.7..5.82........5..38,0.6931,1.1656
58007,6....9.129.7..2......65.8........64....9.7....51........3.96......5..4.679.1....3,0.6967,1.0682
58872,1......8..94328...7.3.4.........7..6...415...3..2.........5.6.9...69231..2......5,1.0065,1.7614
60882,681..3....9..8......52......537.9...87.....59...3.821......65......4..8....1..924,0.7933,1.53
60892,...5.7..82..1..6...1...6.92..6....1.7.......3.8....2..13.6...4...9..3..18..7.2...,1.5144,4.4541
61541,...57...9.....98.38.9...56......29.6.9.....8.6.39......68...1.49.46.....2...85...,0.9503,1.5004
61746,..1..7.6..9.6...7.3....12...2....4.58..3.6..21.4....3...29....6.1...3.4..3.7..8..,1.1012,1.3603
61829,2.5.3..8.6.......3.39.8....5.7..4.6....7.3....8.5..7.1....5.97.3.......2.5..6.1.4,1.5751,4.1347
62621,.......643.5.26.......189.5...7....8.97...51.4....1...5.124.......56.1.723.......,0.8369,1.2554
62875,..41..76..2..8..1..5...398...2..6.5...........6.7..2...162...7..8..6..4..93..78..,1.1027,1.5438
63404,6.1..9....9..4..53..42...193...9.7.6.........9.6.7...541...75..78..3..9....4..3.7,0.57,0.69
64763,9...53.68.6.......5...483.....78.2..6.......9..7.61.....589...1.......8.29.41...5,1.0119,1.4456
66192,..5..3.4..9...8.5....2....7..9.81..6.57...42.6..57.1..9....5....4.8...6..1.3..8..,1.273,2.3799
67550,.74...8.25.....3..6.38.......5..2..91..4.7..82..3..7.......41.5..7.....44.6...28.,1.2953,4.3569
68220,..54.3.698.2.9.3.....7.............2.37...68.6.............6.....8.4.1.347.3.18..,1.1406,3.8021
68741,4..25.....3...4.565.63..4..9.1.......4..8..2.......6.1..2..57.469.1...8.....37..2,0.9875,1.9044
69321,1.8..49.......7.2..6...8.7..3.45....48.....61....13.4..9.7...5..4.2.......76..4.9,0.9351,1.3714
69722,.865.9...7.3..2...92........6..5.89.2.......6.48.1..2........18...8..6.7...7.524.,2.1939,15.0829
70654,..9.25....15..7........17.393.......1.4...2.9.......316.85........4..86....87.9..,1.3156,2.6311
70861,.46.3...93.2...87.7......4....75.....1.4.3.8.....29....2......1.53...9.81...4.35.,0.7192,1.3114
71382,.27..8...14.5.....5.....416.7..6.5.3.........3.1.9..4.968.....4.....7.62...6..93.,0.7757,1.0602
71489,..36..5........2.9.6.57..3....8..65...4...8...86..4....9..87.4.7.1........2..19..,1.3249,1.9874
72117,...5....9.4.9....3..2...8.46.9.8....7.16.92.5....5.9.74.8...7..9....7.4.2....5...,0.6283,1.0471
73057,.9..8.6...5...19....4.79..5....96..24.......89..71....3..12.8....26...1...1.4..6.,1.0991,1.7403
73796,...25.9.7..2...845.....4.....98...7...74.63...4...72.....3.....951...6..7.8.15...,1.3154,2.6307
74177,.16..35...9..18.4...5...3.....43.2.7.........1.3.79.....8...6...2.84..5...13..82.,0.8442,1.1255
74642,.375..9.84.....2.5..5..1.......1.694..9...5..184.9.......1..4..3.1.....25.8..217.,0.6137,0.7081
74991,.32.4.75...1.9.......7..1.8.6.9...12.........19...6.4.8.9..2.......8.4...47.1.28.,2.3329,6.8692
76943,..7.3.....358...1...4..1..662...3.....9...6.....6...434..7..9...7...813.....2.8..,0.9851,1.4776
77384,.9.2..45...7....9.1....6.....6.1.9..75.....13..9.4.5.....6....9.2....1...61..5.7.,0.7397,1.2328
78086,.....71.....98.76....436..575....4.3..2...5..3.6....791..649....45.72.....83.....,0.7254,1.0446
78341,.48......6..5.....53.4.98.1...84.1.6.........8.7.53...3.67.8.15.....5..8......76.,0.8854,1.4757
78627,.............95.34.....69277..2..8.62.......34.1..7..23297.....81.92.............,1.4756,2.4972
78855,..5.96..14...3.......4...8.1.2...4.6.6..5..7.3.7...1.5.2...9.......2...85..76.3..,0.9598,1.8397
79862,8.1..4....4.9.26........5.44.9.....6..56832..3.....7.59.7........41.9.7....2..9.3,0.9722,1.0888
80901,..5.....4.....42....652....7..49...52.18.79.35...31..7....487....81.....9.....8..,1.2083,2.6179
81202,...78....2...5431.....9..8.76......9..4...6..1......24.3..7.....4892...5....48...,1.2869,2.2061
81914,8..2......1..9.65..2..1...49...57.38.........53.16...76...8..7..75.2..1......1..9,1.1386,1.6266
81997,.2.5....8.4..6...2.3.7.4...2.6......81.....27......6.5...9.8.7.3...5..1.5....2.6.,0.9062,1.4888
82591,..8.62.7.......89.16.......5.93...2.2...5...4.8...45.9.......82.96.......2.47.9..,1.4638,2.9275
83019,3.9.....8.....54...4.7.....1....7.6.5..6.1..7.2.4....3.....4.1...63.....7.....9.5,1.2919,2.5837
83331,....37....7....4.39..4..8...8...1..2.21...78.3..6...4...9..3..45.2....1....85....,1.7705,6.1285
83343,29...6.456....5...54..8.9...6.85..7...........7..29.3...9.3..27...5....643.9...58,0.9229,1.4998
83782,8..2.....5..1..6....2.69.389..4....3..8...4..6....5..121.54.8....9..1..6.....6..4,0.8078,1.1404
83816,5.4..9..7...1....2.....46..72..98......2.5......41..83..53.....4....6...2..9..4.6,0.6559,1.0931
83958,..1....3.7...3.4.2..91...8..2.69.1....6...9....8.52.7..5...68..6.2.7...3.1....2..,0.5534,0.5785
84218,..9....4.......23.....45..8.1..36.8.38.....27.9.52..6.7..26.....51.......3....4..,1.7391,3.6522
84395,.....34...8.5.4..62...7.8...7.2...156.......484...1.9...8.9...23..8.6.4...94.....,0.9649,1.4703
84882,..4..9..5....17..936..5.....3...2..6..2...7..9..6...5.....8..374..73....5..1..6..,1.1854,1.6596
85009,.3...1...95.872....7..9....5.3..4.19...9.8...79.6..4.2....6..5....485.73...1...4.,0.8393,1.0998
85238,.54....1.1.....8.2..789.....1...96....6...7....23...4.....573..7.9.....5.3....49.,0.8934,1.0363
86275,..6....24...7.1..6.....6..8.7.9..8.1..96.45..6.1..5.4.2..4.....3..2.8...49....7..,0.6309,1.1355
86311,32.7...9.8..32..7.97.....5....27....5.......4....43....4.....18.6..82..9.9...4.37,0.6764,1.2078
86403,74.........1.9.4.6...2..5.13...1....5.6...9.8....3...79.5..3...4.3.6.8.........23,1.4175,6.7724
86573,1542.....8...9...1.9...4.8..6......4.2.1.3.9.9......6..8.6...4.6...3...5.....5716,1.5244,3.1874
88203,.854.....1....6..8...8.39........4656.3...1.2542........16.8...9..3....4.....157.,1.1126,1.947
88242,..4.....2.8..65...6....4..7.....716..9..8..7..753.....4..9....8...51..9.9.....7..,0.7669,1.0226
89433,46.....5...1..4..75..1......3.2...1...7...8...5...7.2......9..88..4..2...1.....73,1.0021,1.4316
91151,7.14.....6..7...3......6..8.6..95.4..3.....9..4.23..1.8..1......2...8..1.....26.3,1.2836,4.126
91230,2.......3.6....5789..74.6......58...3..9.4..5...27......3.27..1876....9.4.......7,0.9108,1.2143
91250,....815.3.....6.7.6...9.18......264.9..8.4..7.863......63.2...1.4.6.....5.213....,0.8289,1.2254
91469,.2...43......5..68978.6.2..6....7.....9...6.....3....5..3.8.91789..3......56...3.,0.7855,1.0474
91477,.9.24..85...8.1..3....7.9...2....451.........135....2...4.5....5..4.2...67..19.4.,1.6452,4.5559
92421,..19......4.8.7.3.7...3...9..379.18.9.......4.78.239..5...8...1.9.5.1.2......98..,1.4703,3.4308
93020,.29.8....3.6..9..4.7..1....158....7.6...7...1.3....865....6..1.5..1..9.3....3.64.,0.8317,1.361
93081,.98......3..9..5..1..4...29.5..6.4...4.8.7.9...9.5..8.92...5..4..6..2..1......26.,0.8696,1.4625
93193,..5..62.31....3...36......8.149.7....8.....5....6.147.4......37...7....62.65..8..,1.6458,5.5957
94280,....29..1...36.7..27.....9.41....9..39..7..28..5....64.2.....16..7.93...8..25....,1.0343,1.4365
94577,.....39..3.6...728.1.7..6.....84....84.....71....75.....5..7.9.792...8.6..19.....,2.5277,12.0066
94686,.5...7..1..75..3...1..93..7..9156...............2794..9..42..6...4..52..8..9...4.,0.92,1.0283
95772,..6...........5.3.4.81..9..2.4.6..936.3.4.5.758..3.6.4..7..84.2.4.3...........3..,1.0104,1.5157
95795,6..1.8.....13....2..9.7.8...96..5.....5.4.2.....8..35...8.5.1..9....17.....2.9..5,1.1166,1.6972
95996,.6..7192......6...3...8.14........1.6.3...4.5.2........14.5...3...8......3261..9.,0.9509,1.2678
96602,.5.8....4..9....3.273...81..96.1...8...3.4...1...6.79..68...423.4....9..9....3.8.,0.8764,1.3439
96990,4.7...38..8..7...9....8..25....2157.....6.....9245....23..4....6...1..9..51...8.6,1.5682,3.065
98834,..1...645.2.......3.9.4...8.9.5....4..86.41..6....1.2.9...6.7.1.......8.817...3..,0.7579,1.8695
99400,..42...19.1..8.5..8...5.3......9.2...9.6.7.3...7.2......9.3...4..5.7..8.48...57..,1.0055,1.3012
99478,8..3..61....6.89...624.9....2......361..9..783......2....8.439...39.1....81..2..6,0.5807,0.871
99657,4....7.6....1.275......5....329..6..8.......1..9..423....5......816.9....9.7....3,1.2276,2.7281
